Aceanthrylene;20
Acenaphth[1,2-a]anthracene;226
Acenaphth[1,2-b]anthracene;231
Acenaphthalene;7
Acenaphthene;8
Acenaphtho[1,2,3-cde]pyrene;158
Acenaphtho[1,2-b]phenanthrene;229
Acenaphtho[1,2-j]fluoranthene;256
Acenaphtho[1,2-k]cyclopenta[cd]fluoranthene;312
Acenaphtho[1,2-k]fluoranthene;257
13H-Acenaphtho[1,8-ab]phenanthrene;146
Acenaphthylene;7
Aceperylene;110
Acephenanthrene;19
Acepyrene;33
Acepyrylene;33
[6] Annulene;1
Anthanthrene;121
Anthra[1,2,3,4-rst]pentaphene;567
Anthra[1,2-a]aceanthrylene;322
Anthra[1,2-a]anthracene;277
Anthra[1,2-a]benz[j]anthracene;433
Anthra[1,2-a]naphthacene;447
Anthra[1,2-b]phenanthrene;299
Anthra[1,9,8-abcd]benzo[hi]coronene;615
Anthra[2,1,9,8,7-defghi]benzo[op]pentacene;557
Anthra[2,1,9,8,7-defghi]benzo[st]pentacene;550
Anthra[2,1,9,8,7-defghi]benzo[uv]pentacene;552
Anthra[2,1,9,8-defgh]benzo[rst]pentaphene;541
Anthra[2,1,9,8-defgh]pentaphene;399
Anthra[2,1,9,8-opqra]naphthacene;269
Anthra[2,1,9,8-stuva]pentacene;425
Anthra[2,1,9-qra]naphthacene;364
Anthra[2,1-a]aceanthrylene;323
Anthra[2,1-a]naphthacene;517
Anthra[2,3-a]coronene;640
Anthra[2,3-a]naphthacene;497
Anthra[3,2,1,9,8-rstuva]benzo[ij]pentaphene;547
Anthra[3,2,1,9-pqra]benzo[cd]perylene;535
Anthra[7,8,9,1,2,3-rstuvwx]hexaphene;559
Anthra[8,9,1,2-cdefg]benzo[a]naphthacene;402
Anthra[8,9,1,2-lmnop]benzo[a]naphthacene;423
Anthra[9,1,2-abc]coronene;579
Anthra[9,1,2-bcd]perylene;388
Anthra[9,1,2-cde]benzo[rst]pentaphene;600
Anthra[9,1-bc]fluorene;177
Anthracene;15
Anthraceno[2,1-a]anthracene;305
1,2-Benzanthracene;38
2,3-Benzanthracene;40
1,2-Benzanthrene;38
1H-meso-Benzanthrene;32
Benzanthrene;32
Benzanthreno-Bz-1,Bz-2:2,3-naphthalene;253
Benzene;1
9,10[1',2']-Benzenoanthracene, 9,10-dihydro;76
7,8-Benzfluoranthene;70
2,3-Benzidene;11
Benzine;1
Benzo[1,2-a,3,4-a',5,6-a'']triacenaphthylene;633
Benzo[1,2-a,4,5-a']diacenaphthylene;257
Benzo[2,1-a:3,4-a']dianthracene;430
Benzo[3,4]phenanthro[2,1,10,9,8,7-pqrstuv]pentaphene;534
Benzo[6,7]phenanthro[4,3-b]chrysene;606
Benzo[a]anthanthrene;268
Benzo[a]coronene;315
1H-Benzo[a]cyclopent[h]anthracene;81
9H-Benzo[a]cyclopent[i]anthracene;82
Benzo[a]cyclopenta[de]naphthacene;194
Benzo[a]cyclopenta[fg]naphthacene;199
Benzo[a]cyclopenta[hi]naphthacene;207
Benzo[a]cyclopenta[mn]naphthacene;198
Benzo[a]cyclopenta[op]naphthacene;203
Benzo[a]fluoranthene;68
11H-Benzo[a]fluorene;30
Benzo[a]fluorene;30
Benzo[a]heptacene;610
Benzo[a]hexacene;513
Benzo[a]hexaphene;471
Benzo[a]naphth[2,1-j]anthracene;279
Benzo[a]naphthacene;129
Benzo[a]naphtho[1,2,3,4-ghi]perylene;396
Benzo[a]naphtho[1,2-c]naphthacene;468
Benzo[a]naphtho[1,2-h]anthracene;291
Benzo[a]naphtho[1,2-j]naphthacene;488
Benzo[a]naphtho[1,2-l]naphthacene;500
Benzo[a]naphtho[2,1,8-cde]perylene;380
Benzo[a]naphtho[2,1,8-hij]naphthacene;362
Benzo[a]naphtho[2,1,8-lmn]perylene;386
Benzo[a]naphtho[2,1-h]pyrene;368
Benzo[a]naphtho[2,1-j]naphthacene;514
Benzo[a]naphtho[2,1-l]naphthacene;456
Benzo[a]naphtho[7,8,1,2,3-pqrst]pentaphene;407
Benzo[a]naphtho[8,1,2-cde]naphthacene;341
Benzo[a]naphtho[8,1,2-klm]perylene;389
Benzo[a]naphtho[8,1,2-lmn]naphthacene;360
Benzo[a]pentacene;301
Benzo[a]pentaphene;289
Benzo[a]perylene;233
Benzo[a]phenanthrene;39
Benzo[a]picene;292
Benzo[a]pyranthrene;588
Benzo[de]cyclopent[a]anthracene;54
Benzo[de]cyclopent[b]anthracene;56
Benzo[de]naphtho[2,1,8,7-qrst]pentacene;415
Benzo[de]naphtho[3,2,1-mn]naphthacene;331
Benzo[de]naphtho[8,1,2,3-stuv]picene;403
7H-Benzo[de]pentacene;254
Benzo[def]chrysene;74
Benzo[def]cyclopenta[hi]chrysene;112
4H-Benzo[def]cyclopenta[mno]chrysene;79
Benzo[def]cyclopenta[qr]chrysene;109
Benzo[def]fluorene;17
Benzo[def]phenanthrene;21
Benzo[def]pyranthrene;560
Benzo[e]anthanthrene;264
Benzo[e]cyclopenta[jk]pyrene;93
Benzo[e]cyclopenta[jk]pyrene;107
Benzo[e]fluoranthene;69
Benzo[e]phenanthro[1,10,9,8-opqra]perylene;533
Benzo[e]phenanthro[2,3,4,5-pqrab]perylene;525
Benzo[e]pyrene;72
Benzo[ef]phenaleno[9,1,2-abc]coronene;617
Benzo[f]pentahelicene;280
Benzo[f]picene;287
Benzo[fg]cyclopent[a]anthracene;55
Benzo[fg]naphtho[1,2,3-op]naphthacene;326
Benzo[g]chrysene;124
8H-Benzo[g]cyclopenta[mno]chysene;138
Benzo[g]naphtho[2,1-b]chrysene;460
Benzo[g]naphtho[8,1,2-abc]coronene;576
Benzo[ghi]cyclopenta[cd]perylene;155
1H-Benzo[ghi]cyclopenta[pqr]perylene;134
Benzo[ghi]fluoranthene;35
Benzo[ghi]naphtho[2,1-a]perylene;400
Benzo[ghi]naphtho[2,1-b]perylene;404
Benzo[ghi]perylene;120
Benzo[h]naphtho[1,2,3,4-rst]pentaphene;564
Benzo[h]naphtho[7,8,1,2,3-pqrst]pentaphene;384
Benzo[h]pentaphene;281
Benzo[h]phenanthro[2,1,10,9,8,7-pqrstuv]pentaphene;529
4H-Benzo[hi]chrysene;105
7H-Benzo[hi]chrysene;106
Benzo[i]pentahelicene;275
Benzo[ij]naphtho[2,1,8,7-defg]pentaphene;413
Benzo[j]benzo[2,1-a:3,4-a']dianthracene;604
Benzo[j]fluoranthene;70
Benzo[j]naphtho[8,1,2-abc]coronene;584
Benzo[jk]fluorene;18
Benzo[k]fluoranthene;71
Benzo[kl]naphtho[2,1,8,7-defg]pentaphene;412
Benzo[l]cyclopenta[cd]pyrene;107
Benzo[l]fluoranthene;70
Benzo[l]naphtho[1,2-b]chrysene;494
Benzo[l]naphtho[2,1-b]chrysene;496
Benzo[l]phenanthrene;36
Benzofluoranthene;35
1,2-Benzofluorene;30
2,3-Benzofluorene;31
3,4-Benzofluorene;29
Benzol;1
1H-Benzonaphthene;13
1,12-Benzoperylene;120
1,2-Benzoperylene;233
2,3-Benzoperylene;238
1,2-Benzophenanthrene;39
2,3-Benzophenanthrene;38
3,4-Benzophenanthrene;37
9,10-Benzophenanthrene;36
2,3-Benzopicene;302
3,4-Benzopyrene;74
6,7-Benzopyrene;74
3,4-Benzotetraphene;131
1,2-Benzperylene;233
1,2-Benzpyrene;74
4,5-Benzpyrene;74
2,3-Benztriphenylene;123
2,3:1',8'-Binaphthylene;71
3,4-(o,o'-Biphenylene)cyclopentadiene;23
3,4-(o,o'-Biphenylene)fluorene;248
o-Biphenylenemethane;11
Biphenylenephenanthrene;272
o-Biphenylmethane;11
Bisanthrene;313
Ceranthrene;99
homeo-Cerodianthrene;340
Cholanthrene;75
Cholanthrylene;64
Chrysene;39
Chryseno[2,1-b]picene;659
Chrysofluorene;30
Corannulene;53
Coronene;159
1,2-Cyclo-” 1',3 '-pentadienophenanthrene;27
1,2-Cyclo-” 1',4 '-pentadienophenanthrene;26
Cyclohexatriene;1
1H-Cyclopent[a]anthracene;25
1H-Cyclopent[b]anthracene;28
Cyclopent[b]indeno[4,5-g]phenanthrene;160
Cyclopent[b]indeno[5,6-g]phenanthrene;161
Cyclopent[i]indeno[5,6-a]anthracene;164
15H-Cyclopenta[a]phenanthrene;27
17H-Cyclopenta[a]phenanthrene;26
1H-Cyclopenta[a]pyrene;42
11H-Cyclopenta[a]triphenylene;80
8H-Cyclopenta[b]phenanthrene;24
Cyclopenta[cd]perylene;110
Cyclopenta[cd]pyrene;33
Cyclopenta[de]anthracene;20
Cyclopenta[de]naphthacene;66
13H-Dibenzo[a,c]fluorene;84
Dibenzo[a,c]naphthacene;282
Dibenzo[a,c]pentacene;467
Dibenzo[a,c]pentaphene;465
Dibenzo[a,c]picene;484
Dibenzo[a,c]tetraphene;286
Dibenzo[a,c]triphenylene;272
Dibenzo[a,cd]naphtho[8,1,2,3-fghi]perylene;524
Dibenzo[a,d]coronene;528
13H-Dibenzo[a,de]naphth[2,3-h]anthracene;369
4H-Dibenzo[a,de]naphthacene;253
4H-Dibenzo[a,de]pentacene;370
Dibenzo[a,e]fluoranthene;214
Dibenzo[a,e]pyrene;234
Dibenzo[a,f]fluoranthene;216
Dibenzo[a,f]perylene;328
Dibenzo[a,f]picene;446
Dibenzo[a,f]tetraphene;273
Dibenzo[a,g]coronene;543
13H-Dibenzo[a,g]fluorene;90
Dibenzo[a,ghi]naphtho[2,1,8-cde]perylene;523
Dibenzo[a,ghi]naphtho[2,1,8-lmn]perylene;527
Dibenzo[a,ghi]naphtho[8,1,2-klm]perylene;536
Dibenzo[a,ghi]perylene;262
13H-Dibenzo[a,h]fluorene;97
Dibenzo[a,h]pentaphene;438
Dibenzo[a,h]phenanthrene;131
Dibenzo[a,h]pyrene;244
13H-Dibenzo[a,i]fluorene;92
Dibenzo[a,i]pyrene;243
Dibenzo[a,j]coronene;551
Dibenzo[a,j]fluoranthene;221
Dibenzo[a,j]naphthacene;300
Dibenzo[a,j]perylene;337
Dibenzo[a,j]plcene;454
Dibenzo[a,j]tetracene;300
Dibenzo[a,jk]fluorene;70
Dibenzo[a,k]fluoranthene;217
Dibenzo[a,k]tetraphene;291
Dibenzo[a,l]fluoranthene;211
Dibenzo[a,l]naphthacene;297
Dibenzo[a,l]pentacene;509
Dibenzo[a,l]pyrene;232
Dibenzo[a,m]pentaphene;486
Dibenzo[a,m]tetraphene;279
Dibenzo[a,n]pentacene;501
Dibenzo[a,n]perylene;330
Dibenzo[a,n]picene;490
Dibenzo[a,o]pentaphene;451
Dibenzo[a,o]perylene;324
Dibenzo[a,o]picene;463
Dibenzo[a,p]chrysene;288
Dibenzo[a,pqr]picene;355
Dibenzo[a,rst]naphtho[8,1,2-cde]pentaphene;597
Dibenzo[c,s]picene;485
Dibenzo[cd,fg]anthanthrene;316
Dibenzo[cd,hi]anthanthrene;317
Dibenzo[cd,jk]pyrene;121
Dibenzo[cd,k]naphtho[3,2,1,8-pqra]perylene;538
Dibenzo[cd,lm]anthanthrene;320
Dibenzo[cd,lm]perylene;270
Dibenzo[cd,n]naphtho[3,2,1,8-pqra]perylene;542
Dibenzo[de,ij]naphtho[3,2,1,8,7-rstuv]pentaphene;548
Dibenzo[de,ij]naphtho[7,8,1,2,3-pqrst]pentaphene;546
Dibenzo[de,ij]pentaphene;350
Dibenzo[de,kl]pentaphene;358
Dibenzo[de,mn]naphthacene;240
Dibenzo[de,mn]naphtho[2,1,8-qra]naphthacene;390
Dibenzo[de,op]naphthacene;238
Dibenzo[de,qr]naphthacene;235
Dibenzo[de,qr]pentacene;357
Dibenzo[de,qr]tetracene;235
Dibenzo[de,st]pentacene;353
Dibenzo[de,uv]pentacene;345
Dibenzo[de,uv]pentaphene;347
Dibenzo[def,mno]chrysene;121
Dibenzo[def,mno]cyclopenta[hi]chrysene;156
Dibenzo[def,p]chrysene;232
Dibenzo[e,ghi]perylene;266
Dibenzo[e,l]pyrene;237
Dibenzo[ef,hi]naphtho[8,1,2-abc]coronene;620
Dibenzo[ef,no]naphtho[8,1,2-abc]coronene;614
Dibenzo[f,j]naphtho[1,2,3,4-pqr]picene;647
Dibenzo[f,j]picene;461
Dibenzo[f,m]tetraphene;283
Dibenzo[f,pqr]picene;342
Dibenzo[f,s]picene;443
Dibenzo[fg,ij]naphtho[2,1,8-uva]pentaphene;592
Dibenzo[fg,ij]naphtho[7,8,1,2,3-pqrst]pentaphene;540
Dibenzo[fg,ij]pentaphene;352
Dibenzo[fg,ij]phenanthro[2,1,10,9,8,7-pqrstuv]pentaphene;580
Dibenzo[fg,ij]phenanthro[9,10,1,2,3-pqrst]pentaphene;634
Dibenzo[fg,op]anthanthrene;313
Dibenzo[fg,op]naphthacene;237
Dibenzo[fg,qr]pentacene;356
Dibenzo[fg,st]hexacene;569
Dibenzo[fgh,pqr]trinaphthylene;590
Dibenzo[g,p]chrysene;272
Dibenzo[ghi,lm]naphtho[1,8-ab]perylene;537
Dibenzo[ghi,mno]fluoranthene;53
Dibenzo[ghi,n]naphtho[8,1,2-bcd]perylene;544
Dibenzo[ghi,pqr]perylene;159
Dibenzo[h,rst]pentaphene;336
Dibenzo[hi,kl]naphtho[8,1,2-abc]coronene;624
Dibenzo[hi,qr]anthanthrene;318
Dibenzo[ij,rst]naphtho[2,1,8,7-defg]pentaphene;554
Dibenzo[ij,rst]phenanthro[9,10,1,2-defg]pentaphene;641
Dibenzo[ijk,tuv]peropyrene;376
3,4-Dihydrocyclopenta[cd]pyrene;33
10,15-Dihydrotribenzo[a,f,k]trindene;310
Diindeno[1,2,3-cd:1',d',3'-jk]pyrene;311
Diindeno[1,2,3-de,1',2',3'-kl]anthracene;255
Dinaphth[1,2-a:1',2'-h]anthracene;475
Dinaphth[1,2-a:2',1'-j]anthracene;437
Dinaphth[2,3-a,2',3'-c]anthracene;432
peri-Dinaphthalene;73
lin-Dinaphthanthracene;133
Dinaphtho[1,2,3-cd,1',2',3'-lm]perylene;599
Dinaphtho[1,2,3-cd,3',2',1'-lm]perylene;600
Dinaphtho[1,2,3-fg:1',2',3'-qr]pentacene;651
Dinaphtho[1,2,3-fg:3',2',1'-qr]pentacene;648
Dinaphtho[1,2-b,2',1'-n]perylene;649
Dinaphtho[1,2-b:1',2'-k]chrysene;611
Dinaphtho[1,8-ab:8',1',2',3'-fghi]perylene;526
Dinaphtho[1,8-bc:1',8'-mn]picene;653
Dinaphtho[2,1,8,7-defg:2',1',8',7'-ijkl]pentaphene;555
Dinaphtho[2,1,8,7-defg:2',1',8',7'-opqr]pentacene;558
Dinaphtho[2,1,8,7-defg:2',1',8',7'-qrst]pentacene;553
Dinaphtho[2,1,8-cde,2',1',8'-lmn]perylene;558
Dinaphtho[2,1,8-fgh:3',2',1',8',7'-rstuv]pentaphene;532
Dinaphtho[2,1,8-fgh:7',8',1',2',3'-pqrst]pentaphene;530
Dinaphtho[2,1,8-jkl:2',1',8'-uva]pentacene;601
Dinaphtho[2,1-a:1',2'-l]naphthacene;607
Dinaphtho[2,1-a:2',1'-j]naphthacene;609
Dinaphtho[2,1-c 1',2'-g]phenanthrene;431
Dinaphtho[2,3-c:2',3'-m]pentaphene;658
Dinaphtho[3,2,1-fg:1',2',3'-ij]pentaphene;650
Dinaphtho[3,2,1-fg:3',2',1'-qr]pentacene;645
Dinaphtho[8,1,2-abc:2',1',8'-efg]coronene;619
Dinaphtho[8,1,2-abc:2',1',8'-hij]coronene;630
Dinaphtho[8,1,2-abc:2',1',8'-klm]coronene;627
Dinaphtho[8,1,2-abc:2',1',8'-nop]coronene;613
Dinaphtho[8,1,2-abc:8',1',2'-ghi]coronene;623
Dinaphtho[8,1,2-abc:8',1',2'-jkl]coronene;631
Dinaphtho[8,1,2-cde:7',8',1',2',3'-pqrst]pentaphene;562
Dinaphtho[8,1,2-lmn:2',1',8'-qra]naphthacene;424
±,±'-Dinaphthofluorene;92
Diphenanthro[3,4-c:4',3'-g]phenanthrene;656
Diphenylenemethane;11
9,10-Diphenylenephenanthrene;272
2,3,3',2'-Dipyrenylene;558
1,8-Ethylenenaphthalene;8
Fluoranthene;18
Fluorantheno[8,9-b]triphenylene;563
9H-Fluorene;11
Fluorene;11
Fluoreno[2,1-a]fluorene;171
Fluoreno[2,3-a]fluorene;169
Fluoreno[3,2,1,9-defg]chrysene;258
Fluoreno[3,2-b]fluorene;173
Fluoreno[3,4-b]fluorene;167
Fluoreno[4,3,2-de]anthracene;177
Indeno[7,1-ab]naphthacene;208
Indeno[7,1-ab]triphenylene;181
Indeno[7,1-bc]chrysene;201
Indeno-2',3'-3,4-pyrene;137
Isochrysene;36
Isochrysofluorene;29
Isonaphthofluorene;31
1',9-Methylene-1,2,5,6-dibenzanthracene;146
1',9-Methylene-1,2-benzanthracene;47
2,2'-Methylenebiphenyl;11
4,5-Methylenephenanthrene;17
Naphth[1',2':5,6]indeno[1,2,3-cd]pyrene;377
Naphth[1,2-a]aceanthrylene;211
Naphth[1,2-a]acephenanthrylene;180
Naphth[1,2-a]anthracene;125
Naphth[1,2-d]acenaphthylene;62
Naphth[1,2-e]acephenanthrylene;227
Naphth[1,2-j]aceanthrylene;189
Naphth[1,2-k]acephenanthrylene;200
Naphth[2',1':4,5]indeno[1,2,3-cd]pyrene;378
Naphth[2,1-a]aceanthrylene;221
Naphth[2,1-a]anthracene;131
Naphth[2,1-d]acenaphthylene;64
Naphth[2,1-e]aceanthrylene;185
Naphth[2,1-e]acephenanthrylene;220
Naphth[2,1-k]acephenanthrylene;196
Naphth[2,1-l]aceanthrylene;186
Naphth[2,1-l]acephenanthrylene;184
Naphth[2,3-a]aceanthrylene;217
Naphth[2,3-e]acenaphthylene;65
Naphth[2,3-e]acephenanthrylene;225
Naphth[2,3-l]acephenanthrylene;191
5H-Naphth[3,2,1-de]anthrene;99
1,9,8-(diperi)-Naphth-2,9-dihydroanthracene;49
2',1'-Naphtha-1,2-fluorene;95
1',2'-Naphtha-2,3-fluorene;94
1',3'-Naphtha-3,4-pyrene;152
Naphthacene;40
Naphthaceno[2,1,12,11-opqra]naphthacene;426
Naphthaceno[4,5,6,7,8-defghij]naphthacene;320
peri-Naphthacenonaphthacene;320
Naphthalene;4
1,2-(1,8-Naphthalenediyl)benzene;18
Naphthalin;4
Naphthanthracene;38
Naphthanthracene;131
1,8,9-Naphthanthrene;51
13H-meso-±-Naphthanthrene;101
8H-meso-±-Naphthanthrene;100
lin-Naphthanthrene;133
Naphthanthrene;50
1H-±-Naphthindene;10
1H-2-Naphthindene;12
3H-±-Naphthindene;9
Naphtho[2,1-c]tetraphene;296
Naphtho[2,1-j]fluoranthene;230
Naphtho[2',3':2,3]fluoranthene;228
Naphtho[2,3-a]coronene;549
Naphtho[2,3-a]fluoranthene;218
13H-Naphtho[2,3-a]fluorene;93
Naphtho[2,3-a]pentaphene;458
Naphtho[2,3-a]picene;457
Naphtho[2,3-a]pyrene;241
Naphtho[2,3-a]tetraphene;277
Naphtho[2,3-b]fluoranthene;228
Naphtho[2,3-b]picene;507
Naphtho[2,3-b]pyrene;241
Naphtho[2,3-c]chrysene;285
8H-Naphtho[2,3-c]fluorene;87
Naphtho[2,3-c]pentaphene;510
Naphtho[2,3-e]pyrene;235
Naphtho[2,3-g]chrysene;273
Naphtho[2,3-h]pentaphene;432
Naphtho[2,3-j]fluoranthene;226
Naphtho[2,3-k]fluoranthene;231
Naphtho[2,3-s]picene;435
Naphtho[2'.1',1.2]tetracene;303
Naphtho[2'.3',1.2]pyrene;241
Naphtho[3,2,1,8,7-defgh]pyranthrene;586
Naphtho[3,2,1,8,7-vwxyz]hexaphene;417
Naphtho[3,2,1-jk]fluorene;68
Naphtho[3',4':3,4]pyrene;242
Naphtho[4,5,6-abc]aceanthrylene;117
Naphtho[5,4,3-abc]coronene;375
Naphtho[7,8,1,2,3-pqrst]pentaphene;268
Naphtho[7,8,1,2,3-tuvwx]hexaphene;421
Naphtho[8,1,2-abc]coronene;375
Naphtho[8,1,2-bcd]perylene;267
Naphtho[8,1,2-cde]naphthacene;241
Naphtho[8,1,2-cde]pentaphene;365
Naphtho[8,1,2-efg]anthanthrene;314
Naphtho[8,1,2-ghi]chrysene;236
Naphtho[b',b]chrysene;303
1',2'-Naphtho-1,2-fluoranthene;215
Naphtho-2',3',1,2-anthracene;128
Naphtho-2',3',1,2-phenanthrene;131
Naphtho-2',3',2,3-phenanthrene;129
Naphtho-2',3',3,4-phenanthrene;125
Naphthobenzanthrene;106
2,3-2-Naphthofluorene;98
lin-Naphthofluorene;98
Nonacene;660
Octacene;612
Ovalene;522
Paranaphthalene;15
Pentacene;133
peri-Pentacenopentacene;587
Pentalene;2
1,10-(o-Phenylene)pyrene;113
2,3-(o-Phenylene)pyrene;113
1,9-Phenyleneanthracene;68
10,11-Phenylenenaphthacene;216
5,6-o-Phenylenenaphthacene;216
2,3-Phenylenepyrene;113
o-Phenylenepyrene;113
Picene;132
Pyranthrene;418
Pyren;21
Pyrene;21
peri-Pyrene-1,10(CH2)-indene;49
Pyrenindene;52
Pyreno[1,10,9-abc]coronene;626
Pyreno[10,1,2-abc]coronene;628
Pyreno[2,1-b]picene;654
Pyreno[5,4,3,2,1-pqrst]pentaphene;531
Rubicene;255
Terrylene;422
Tetrabenz[a,c,h,j]anthracene;441
Tetrabenzo[a,c,hi,mn]naphthacene;566
Tetrabenzo[a,c,hi,qr]pentacene;652
Tetrabenzo[a,c,j,l]naphthacene;605
Tetrabenzo[a,c,l,n]pentacene;657
Tetrabenzo[a,cd,f,lm]perylene;589
Tetrabenzo[a,cd,j,lm]perylene;591
Tetrabenzo[a,e,j,o]perylene;644
Tetrabenzo[a,f,j,o]perylene;646
Tetrabenzo[a,f,k,n]perylene;643
Tetrabenzo[bc,ef,hi,kl]coronene;618
Tetrabenzo[bc,ef,kl,no]coronene;616
Tetrabenzo[de,h,kl,rst]pentaphene;594
Tetrabenzo[de,hi,mn,qr]naphthacene;387
Tetrabenzo[de,hi,op,st]pentacene;596
Tetrabenzo[de,jk,op,uv]pentacene;595
1,2:3,4:5,6:7,8-Tetrabenzonaphthalene;272
Tetracene;40
Tetrahelicene;37
Tetraphene;38
Tribenz[a,c,h]anthracene;283
1,2,3,4,5,6-Tribenzanthracene;283
Tribenzo[a,c,j]naphthacene;464
8H-Tribenzo[a,cd,l]pyrene;308
Tribenzo[a,cd,lm]perylene;391
Tribenzo[a,e,ghi]perylene;379
Tribenzo[a,ef,hi]coronene;575
Tribenzo[a,ef,no]coronene;573
Tribenzo[a,f,j]perylene;565
Tribenzo[a,ghi,k]perylene;398
Tribenzo[a,hi,kl]coronene;578
Tribenzo[a,hi,mn]naphthacene;344
Tribenzo[a,i,l]pyrene;340
Tribenzo[b,def,p]chrysene;334
Tribenzo[b,e,ghi]perylene;383
Anthraceno-1',2',1,2-anthracene;277
Anthracin;15
Anthrodianthrene;374
Benz[4,10]anthra[1,9,8-abcd]coronene;625
15H-Benz[4,5]indeno[1,2-l]phenanthrene;246
9H-Benz[4,5]indeno[2,1-c]phenanthrene;249
7H-Benz[5,6]indeno[1,2-a]phenanthrene;251
Benz[5,6]indeno[2,1-a]phenalene;179
7H-Benz[5,6]indeno[2,1-a]phenanthrene;252
9H-Benz[5,6]indeno[2,1-c]phenanthrene;245
Benz[a]aceanthrylene;68
Benz[a]acenaphthylene;18
Benz[a]acephenanthrylene;59
1,2:5,6-Ben z[a]anthracene;130
Benz[a]anthracene;38
Benz[a]indeno[1,2-c]fluorene;176
Benz[a]indeno[2,1-c]naphthalene;165
Benz[a]indeno[5,6-g]fluorene;174
Benz[a]ovalene;622
Benz[b]anthracene;40
Benz[b]indeno[2,1-h]fluorene;170
11H-Benz[bc]aceanthrylene;47
Benz[c]indeno[2,1-a]fluorene;166
Benz[d]aceanthrylene;67
Benz[d]ovalene;629
1H-Benz[de]anthracene;32
Benz[de]indeno[2,1-b]anthracene;178
Benz[def]indeno[1,2,3-hi]chrysene;260
Benz[def]indeno[1,2,3-qr]chrysene;259
Benz[e]aceanthrylene;61
3,4-Benz[e]acephenanthrylene;69
Benz[e]acephenanthrylene;69
1H-Benz[e]indene;10
3H-Benz[e]indene;9
1H-Benz[f]indene;12
1H-Benz[fg]aceanthrylene;43
5H-Benz[fg]acenaphthylene;16
10H-Benz[g]indeno[2,1-a]phenanthrene;247
Benz[j]aceanthrylene;64
Benz[j]acephenanthrylene;63
Benz[k]acephenanthrylene;65
Benz[l]aceanthrylene;62
Benz[l]acephenanthrylene;60
Benz[mno]aceanthrylene;34
Benz[mno]indeno[1,7,6,5-cdef]chrysene;157
Benz[mno]indeno[5,6,7,1-defg]chrysene;154
4,5-Benz-10,11-(1',2'-naphtha)chrysene;518
1,2:5,6-Benzanthracene;130
Benzo[a]pyrene;74
Benzo[b]anthanthrene;269
Benzo[b]chrysene;131
5H-Benzo[b]cyclopenta[def]chrysene;147
13H-Benzo[b]cyclopenta[def]triphenylene;140
Benzo[b]cyclopenta[hi]chrysene;204
4H-Benzo[b]cyclopenta[jkl]triphenylene;139
4H-Benzo[b]cyclopenta[mno]chrysene;149
Benzo[b]cyclopenta[qr]chrysene;197
Benzo[b]fluoranthene;69
11H-Benzo[b]fluorene;31
Benzo[b]naphthacene;133
Benzo[b]naphtho[1,2,3,4-pqr]perylene;382
Benzo[b]naphtho[1,2-k]chrysene;518
Benzo[b]naphtho[1,2-l]chrysene;499
Benzo[b]naphtho[2,1-g]chrysene;449
Benzo[b]naphtho[2,1-k]chrysene;502
Benzo[b]naphtho[2,1-p]chrysene;440
Benzo[b]naphtho[2,3-g]chrysene;439
Benzo[b]naphtho[2,3-j]chrysene;508
Benzo[b]naphtho[2,3-l]chrysene;478
Benzo[b]naphtho[8,1,2-pqr]chrysene;343
Benzo[b]pentahelicene;274
Benzo[b]pentaphene;298
Benzo[b]perylene;238
Benzo[b]phenanthrene;38
Benzo[b]picene;302
Benzo[b]triphenylene;123
Benzo[bc]naphtho[1,2,3-ef]coronene;577
Benzo[bc]naphtho[3,2,1-ef]coronene;574
Benzo[c]chrysene;126
Benzo[c]cyclopenta[hi]chrysene;190
4H-Benzo[c]cyclopenta[mno]chrysene;143
Benzo[c]cyclopenta[qr]chrysene;187
7H-Benzo[c]fluorene;29
Benzo[c]fluorene;29
Benzo[c]hexaphene;506
Benzo[c]naphtho[1,2-l]chrysene;495
Benzo[c]naphtho[2,1-m]pentaphene;608
Benzo[c]naphtho[2,1-p]chrysene;429
Benzo[c]naphtho[2,3-l]chrysene;477
Benzo[c]naphtho[7,8,1,2,3-pqrst]pentaphene;419
Benzo[c]naphtho[8,1,2-ghi]chrysene;333
Benzo[c]pentahelicene;278
Benzo[c]pentaphene;299
Benzo[c]phenanthrene;37
Benzo[c]picene;306
Benzo[c]tetraphene;131
1H-Benzo[cd]fluoranthene;45
Benzo[cd]naphtho[3,2,1,8-pqra]perylene;314
2H-Benzo[cd]pyrene;50
3H-Benzo[cd]pyrene;49
5H-Benzo[cd]pyrene;52
6H-Benzo[cd]pyrene;51
Benzo[lm]naphtho[1,8-ab]perylene;394
Benzo[lm]phenanthro[5,4,3-abcd]perylene;545
Benzo[lmn]naphtho[2,1,8-qra]perylene;317
Benzo[m]naphtho[8,1,2-abc]coronene;582
Benzo[mno]fluoranthene;35
Benzo[mno]naphtho[1,2-c]chrysene;359
Benzo[mno]naphtho[2,1-c]chrysene;332
Benzo[o]hexaphene;505
8H-Benzo[p]cyclopenta[def]chrysene;138
Benzo[p]hexaphene;498
Benzo[p]naphtho[1,2-b]chrysene;470
Benzo[p]naphtho[1,8,7-ghi]chrysene;327
Benzo[p]naphtho[2,1-b]chrysene;469
Benzo[p]naphtho[8,1,2-abc]coronene;572
Benzo[pqr]dinaphtho[8,1,2-bcd:2',1',8'-lmn]perylene;585
Benzo[pqr]naphtho[1,2-b]perylene;393
Benzo[pqr]naphtho[2,1,8-def]picene;406
Benzo[pqr]naphtho[2,1-b]perylene;410
Benzo[pqr]naphtho[8,1,2-bcd]perylene;318
Benzo[pqr]naphtho[8,1,2-cde]picene;427
Benzo[pqr]picene;242
Benzo[q]hexaphene;476
Benzo[qr]naphtho[2,1,8,7-defg]pentacene;416
Benzo[qr]naphtho[2,1,8,7-fghi]pentacene;409
Benzo[qr]naphtho[3,2,1,8-defg]chrysene;264
Benzo[qrs]naphtho[3,2,1,8,7-defgh]pyranthrene;632
Benzo[rst]dinaphtho[8,1,2-cde:2',1',8'-klm]pentaphene;642
Benzo[rst]naphtho[2,1,8-fgh]pentaphene;395
Benzo[rst]naphtho[8,1,2-cde]pentaphene;428
Benzo[rst]pentaphene;243
Benzo[rst]phenanthro[1,10,9-cde]pentaphene;598
Benzo[rst]phenanthro[10,1,2-cde]pentaphene;599
Benzo[rst]pyreno[1,10,9-cde]pentaphene;639
Benzo[s]picene;288
Benzo[st]naphtho[2,1,8,7-defg]pentacene;408
Benzo[tuv]naphtho[2,1-b]picene;571
Benzo[uv]naphtho[2,1,8,7-defg]pentacene;405
Benzo[uv]naphtho[2,1,8,7-defg]pentaphene;397
Benzo[vwx]hexaphene;361
1,10-(peri)-Benzo-1,5-dihydropyrene;49
2,3-Benzo-6,7-naphthoanthracene;307
1,2-Benzoacenaphthylene;18
Benzobenzanthrene;102
2,3-Benzochrysene;131
15,16-Benzodehydrocholanthrene;222
o-meso-Benzodianthrene;324
p-meso-Benzodianthrene;337
10,11-Benzofluoranthene;70
11,12-Benzofluoranthene;71
2,13-Benzofluoranthene;35
2,3-Benzofluoranthene;69
3,4-Benzofluoranthene;69
7,10-Benzofluoranthene;35
8,9-Benzofluoranthene;71
Cyclopenta[de]naphthalene;7
Cyclopenta[de]pentacene;210
Cyclopenta[de]pentaphene;202
Cyclopenta[de]picene;205
4H-Cyclopenta[def]chrysene;48
4H-Cyclopenta[def]phenanthrene;17
4H-Cyclopenta[def]triphenylene;46
1H-Cyclopenta[e]pyrene;41
Cyclopenta[fg]naphthacene;67
Cyclopenta[fg]pentacene;209
Cyclopenta[fg]pentaphene;192
11H-Cyclopenta[ghi]perylene;78
6H-Cyclopenta[ghi]picene;150
Cyclopenta[hi]chrysene;63
Cyclopenta[jk]phenanthrene;19
1H-Cyclopenta[l]phenanthrene;22
2H-Cyclopenta[l]phenanthrene;23
Cyclopenta[pq]pentaphene;193
13H-Cyclopenta[pqr]picene;148
13H-Cyclopenta[rst]pentaphene;144
Cyclopentaphenanthrene;17
Decayclene;633
Dehydro-8,9-trimethylene-1,2-benzanthracene;104
3,4,1,6-Di(1,8-naphthylene)benzene;257
1,9,5,10-Di(peri-naphthylene)anthracene;596
Di-2-naphthofluorene;96
Dibenz[a,c]anthracene;123
Dibenz[a,e]aceanthrylene;214
Dibenz[a,e]acephenanthrylene;212
Dibenz[a,h]anthracene;130
Dibenz[a,j]aceanthrylene;222
Dibenz[a,j]anthracene;127
Dibenz[a,k]acephenanthrylene;183
1H-Dibenz[a,kl]anthracene;104
4H-Dibenz[a,kl]anthracene;103
7H-Dibenz[a,kl]anthracene;102
Dibenz[a,l]aceanthrylene;215
Dibenz[a,n]triphenylene;273
13H-Dibenz[bc,j]aceanthrylene;146
13H-Dibenz[bc,l]aceanthrylene;142
Dibenz[de,kl]anthracene;73
Dibenz[e,ghi]indeno[1,2,3,4-pqra]perylene;372
Dibenz[e,j]aceanthrylene;188
Dibenz[e,k]acephenanthrylene;228
Dibenz[e,l]aceanthrylene;195
Dibenz[e,l]acephenanthrylene;224
1,2,6,7-Dibenzanthracene;129
1,2,7,8-Dibenzanthracene;127
1,2:3,4-Dibenzanthracene;123
2,3:6,7-Dibenzanthracene;133
3,4,5,6-Dibenzanthracene;127
2,2'-Dibenzanthracene;133
1,2,3,4-Dibenznaphthalene;36
Dibenzo[a,c]chrysene;287
Dibenzo[a,rst]pentaphene;348
Dibenzo[b,def]chrysene;244
Dibenzo[b,e]fluoranthene;212
Dibenzo[b,f]picene;466
8H-Dibenzo[b,fg]pyrene;151
Dibenzo[b,g]chrysene;286
7H-Dibenzo[b,g]fluorene;88
Dibenzo[b,g]phenanthrene;125
Dibenzo[b,ghi]fluoranthene;119
Dibenzo[b,ghi]perylene;265
12H-Dibenzo[b,h]fluorene;96
Dibenzo[b,h]phenanthrene;128
Dibenzo[b,h]pyrene;243
Dibenzo[b,j]fluoranthene;227
Dibenzo[b,j]plcene;479
Dibenzo[b,jk]fluorene;71
Dibenzo[b,k]chrysene;305
Dibenzo[b,k]fluoranthene;225
Dibenzo[b,k]perylene;356
Dibenzo[b,l]chrysene;296
Dibenzo[b,l]fluoranthene;220
Dibenzo[b,m]picene;516
13H-Dibenzo[b,mn]phenanthrene;101
8H-Dibenzo[b,mn]phenanthrene;100
Dibenzo[b,mno]fluoranthene;118
Dibenzo[b,n]pentaphene;497
Dibenzo[b,n]perylene;352
Dibenzo[b,n]picene;508
Dibenzo[b,p]chrysene;284
Dibenzo[b,pqr]perylene;266
Dibenzo[b,qr]naphtho[3,2,1,8-defg]chrysene;401
Dibenzo[b,s]picene;481
Dibenzo[b,tuv]naphtho[2,1-m]picene;655
Dibenzo[b,tuv]picene;368
Dibenzo[bc,ef]coronene;374
Dibenzo[bc,kl]coronene;376
Dibenzo[c,f]tetraphene;284
Dibenzo[c,g]chrysene;280
7H-Dibenzo[c,g]fluorene;85
Dibenzo[c,g]phenanthrene;122
Dibenzo[c,h]pentaphene;462
Dibenzo[c,hi]naphtho[3,2,1,8-mnop]chrysene;381
Dibenzo[c,i]cyclopenta[a]fluorene;162
Dibenzo[c,k]tetraphene;304
Dibenzo[c,l]chrysene;293
Dibenzo[c,lm]fluorene;68
Dibenzo[c,m]pentaphene;511
Dibenzo[c,m]picene;520
Dibenzo[c,m]tetraphene;295
5H-Dibenzo[c,mn]phenanthrene;99
Dibenzo[c,mno]chrysene;239
Dibenzo[c,p]chrysene;276
Dibenzo[c,pqr]picene;366
Dibenzo[c,rst]pentaphene;367
Dibenzo[j,l]fluoranthene;213
Dibenzo[j,lm]naphtho[1,8-ab]perylene;593
Dibenzo[j,lm]phenanthro[5,4,3-abcd]perylene;636
Dibenzo[kl,no]naphtho[8,1,2-abc]coronene;621
Dibenzo[kl,rst]naphtho[2,1,8,7-defg]pentaphene;556
Dibenzo[mn,qr]fluoreno[2,1,9,8,7-defghi]naphthacene;373
Dibenzo[pq,uv]pentaphene;346
Dibenzo[q,vwx]hexaphene;568
Dibenzo[rs,vwx]naphtho[2,1,8,7-klmn]hexaphene;638
Dibenzo-1,2,7,8-anthracene;127
Dibenzo-2,3,11,12-fluoranthene;225
1,2,7,8-Dibenzo-4,5-phenanthrylenemethane;150
1,2,5,6-Dibenzoanthracene;130
2,3,6,7-Dibenzoanthracene;133
2,3,4,5-Dibenzocoronene;374
2,3,8,9-Dibenzocoronene;376
anti-diperi-Dibenzocoronene;376
vic-diperi-Dibenzocoronene;374
2,3,5,6-Dibenzofluoranthene;214
1,2,3,4-Dibenzofluorene;84
1,2,5,6-Dibenzofluorene;90
1,2,7,8-Dibenzofluorene;92
2,3,6,7-Dibenzofluorene;96
1.12,2.3-Dibenzoperylene;266
1.12,4.5-Dibenzoperylene;265
2,3,10,11-Dibenzoperylene;352
2,3,8,9-Dibenzoperylene;356
1,2,5,6-Dibenzophenanthrene;126
2,3,6,7-Dibenzophenanthrene;128
2,3:7,8-Dibenzophenanthrene;131
3,4,5,6-Dibenzophenanthrene;122
2,2'-Dibenzophenanthrene;128
3,3'-Dibenzophenanthrene;122
1,2:4,5-Dibenzopyrene;234
1,2:9,10-Dibenzopyrene;232
2,3:4,5-Dibenzopyrene;232
3,4:8,9-Dibenzopyrene;232
3,4:9,10-Dibenzopyrene;243
4,5,6,7-Dibenzopyrene;232
4,5,8,9-Dibenzopyrene;243
4,5,9,10-Dibenzopyrene;237
1.2,7.8-Dibenzotetracene;300
1.2,9.10-Dibenzotetracene;297
1.2,5.6-Dibenzotetraphene;287
1,2:7,8-Dibenzphenanthrene;132
1,2:3,4-Dibenzpyrene;232
1,2:6,7-Dibenzpyrene;237
1,2:7,8-Dibenzpyrene;243
3,4:8,9-Dibenzpyrene;244
Dicyclopenta[a,c]naphthacene;163
Dicyclopenta[a,j]coronene;371
Difluorenylene;272
1,2-Dihydroacenaphthylene;8
1,2-Dihydroben[j]aceanthrylene;75
Fluoreno[4,3-c]fluorene;168
Fluoreno[9,1-ab]triphenylene;321
[6] Helicene;271
Heptacene;521
Heptaphene;497
Hexabenzobenzene;159
Hexacene;307
Hexahelicene;271
Hexaphene;298
Idryl;18
as-Indacene;5
s-Indacene;6
as-Indaceno[2,3-a]phenanthrene;175
1H-Indene;3
Indene;3
Indeno[1,2,3-cd]fluoranthene;114
Indeno[1,2,3-cd]perylene;261
Indeno[1,2,3-cd]pyrene;113
Indeno[1,2,3-de]naphthacene;218
Indeno[1,2,3-fg]naphthacene;216
Indeno[1,2,3-hi]chrysene;223
8H-Indeno[1,2-a]anthracene;87
Indeno[1,2-a]phenalene;58
7H-Indeno[1,2-a]phenanthrene;91
7H-Indeno[1,2-a]pyrene;136
11H-Indeno[1,2-a]triphenylene;248
13H-Indeno[1,2-b]anthracene;98
12H-Indeno[1,2-b]phenanthrene;94
13H-Indeno[1,2-c]phenanthrene;86
9H-Indeno[1,2-e]pyrene;135
13H-Indeno[1,2-l]phenanthrene;84
Indeno[1,7,6,5-cdef]chrysene;111
Indeno[1,7a-a]phenanthrene;64
Indeno[1,7-ab]chrysene;206
Indeno[1,7-ab]pyrene;112
Indeno[1,7-ab]triphenylene;182
11H-Indeno[2,1,7-cde]pyrene;77
3H-Indeno[2,1,7-cde]pyrene;77
13H-Indeno[2,1,7-qra]naphthacene;145
13H-Indeno[2,1-a]anthracene;93
5H-Indeno[2,1-a]chrysene;250
Indeno[2,1-a]phenalene;57
11H-Indeno[2,1-a]phenanthrene;95
11H-Indeno[2,1-a]pyrene;137
8H-Indeno[2,1-b]phenanthrene;89
9H-Indeno[2,1-c]phenanthrene;83
Indeno[3,2,1,7-defg]chrysene;118
Indeno[4,3,2,1-cdef]chrysene;119
Indeno[5,6,7,1-defg]chrysene;108
Indeno[5,6,7,1-pqra]perylene;153
Indeno[6,7,1,2-defg]naphthacene;116
1H-Indeno[6,7,1-mna]anthracene;44
Indeno[7,1,2,3-cdef]chrysene;119
4H-Indeno[7,1,2-ghi]chrysene;141
Naphtho(2',3':7,8)fluoranthene;226
Naphtho(2',3':8,9)fluoranthene;231
Naphtho-(2'3':4,5)pyrene;235
Naphtho[1,2,3,4-def]chrysene;234
Naphtho[1,2,3,4-ghi]fluoranthene;118
Naphtho[1,2,3,4-ghi]perylene;263
Naphtho[1,2,3,4-rst]pentaphene;340
9H-Naphtho[1,2,3-cd]perylene;309
6H-Naphtho[1,2,3-cd]pyrene;152
Naphtho[1,2-a]coronene;539
Naphtho[1,2-a]fluoranthene;215
Naphtho[1,2-a]naphthacene;290
Naphtho[1,2-a]pentacene;480
Naphtho[1,2-a]pentaphene;448
Naphtho[1,2-a]pyrene;239
Naphtho[1,2-a]tetracene;290
Naphtho[1,2-a]tetraphene;274
Naphtho[1,2-b]chrysene;304
Naphtho[1,2-b]fluoranthene;223
12H-Naphtho[1,2-b]fluorene;94
Naphtho[1,2-b]perylene;339
Naphtho[1,2-b]picene;487
Naphtho[1,2-b]triphenylene;283
Naphtho[1,2-c]chrysene;294
Naphtho[1,2-c]pentaphene;512
Naphtho[1,2-e]pyrene;236
Naphtho[1,2-f]picene;452
Naphtho[1,2-g]chrysene;275
Naphtho[1,2-h]pentaphene;434
Naphtho[1,2-j]fluoranthene;219
Naphtho[1,2-k]fluoranthene;229
Naphtho[1,8,7,6-cdef]fluorene;34
Naphtho[2,1,8-def]picene;351
Naphtho[2,1,8-fgh]pentaphene;338
Naphtho[2,1,8-hij]anthanthrene;319
Naphtho[2,1,8-qra]naphthacene;241
Naphtho[2,1,8-uva]pentacene;363
Naphtho[2,1,8-uva]pentaphene;349
Naphtho[2,1,8-yza]hexacene;570
Naphtho[2,1-a]fluoranthene;222
11H-Naphtho[2,1-a]fluorene;95
Naphtho[2,1-a]naphthacene;303
Naphtho[2,1-a]pentaphene;482
Naphtho[2,1-a]picene;491
Naphtho[2,1-a]pyrene;242
Naphtho[2,1-a]tetraphene;285
Naphtho[2,1-b]chrysene;295
Naphtho[2,1-b]fluoranthene;224
Naphtho[2,1-b]perylene;354
Naphtho[2,1-b]picene;515
Naphtho[2,1-c:7,8-c']diphenanthrene;602
Naphtho[2,1-c]chrysene;278
Naphtho[2,1-c]pentaphene;492
Naphtho[2,1-c]picene;493
Pentaleno[1,2-b:4,5-b']dinaphthalene;172
Pentanthrene;9
Pentanthrene;10
Pentaphene;128
Perinaphthene;13
Peropyrene;270
Perylene;73
Perylo[3,2,1,12-pqrab]perylene;581
1H-Phenalene;13
Phenalene;13
Phenaleno[12,3,4-ghij]perylene;314
Phenalin;13
2',3'-Phenanthra-1,2-anthracene;299
2',3'-Phenanthra-2,3-phenanthrene;297
Phenanthrene;14
[Phenanthreno-9',10':9,10]phenanthrene-1,1'methylene;308
Phenanthrin;14
Phenanthrindene;22
Phenanthro[1,10,9,8-opqra]perylene;313
Phenanthro[1,2,3,4-def]chrysene;325
Phenanthro[1,2,3,4-ghi]perylene;392
Phenanthro[1,2-a]naphthacene;472
Phenanthro[1,2-b]chrysene;519
Phenanthro[1,2-b]triphenylene;473
Phenanthro[10,1,2,3-cdef]fluorene;115
Phenanthro[10,1,2-abc]coronene;583
Phenanthro[2,1,10,9,8,7-pqrstuv]pentaphene;319
Phenanthro[2,1,10,9,8,7-tuvwxyz]hexaphene;561
Phenanthro[2,1-b]chrysene;503
Phenanthro[2,1-f]picene;603
Phenanthro[2,3,4,5-tuvab]picene;420
Phenanthro[2,3-c]chrysene;450
Phenanthro[2,3-g]chrysene;445
Phenanthro[3,2-b]chrysene;514
Phenanthro[3,2-g]chrysene;436
Phenanthro[3,4-a]anthracene;296
Phenanthro[3,4-a]naphthacene;504
Phenanthro[3,4-b]chrysene;459
Phenanthro[3,4-b]triphenylene;453
Phenanthro[3,4-c]chrysene;444
Phenanthro[3,4-c]phenanthrene;271
Phenanthro[4,3,2,1-def]chrysene;343
Phenanthro[4,3-a]anthracene;274
Phenanthro[4,3-b]chrysene;489
Phenanthro[5,4,3,2-abcde]perylene;316
Phenanthro[9,10,1,2,3-pqrst]pentaphene;385
Phenanthro[9,10,1-qra]naphthacene;335
Phenanthro[9,10-a]naphthacene;483
Phenanthro[9,10-b]chrysene;473
Phenanthro[9,10-b]triphenylene;441
4,5-Phenanthrylenemethane;17
5,6-(1,2-Phenylene)naphthacene;216
1,10-(1,2-Phenylene)pyrene;113
Tribenzo[b,g,k]chrysene;474
Tribenzo[b,g,l]chrysene;455
Tribenzo[b,g,p]chrysene;442
Tribenzo[b,n,pqr]perylene;411
Tribenzo[c,g,mno]chrysene;329
Tribenzo[de,ij,rst]pentaphene;414
Tribenzo[de,kl,rst]pentaphene;422
Tribenzo[fgh,pqr,za1b1]trinaphthylene;635
Tribenzo[jk,qr,uv]naphtho[2,1,8,7-defg]pentacene;637
Tribenzobicyclo[2.2.2]octatriene;76
"Triindeno[2,3:2',3':2"",3""]benzene";310
Trinaphthylene;432
Trinaphthylenebenzene;633
Triphenylene;36
Triptycene;76
Truxene;310
Zethrene;240
